epoch,time,train/box_loss,train/seg_loss,train/cls_loss,train/dfl_loss,train/sem_loss,metrics/precision(B),metrics/recall(B),metrics/mAP50(B),metrics/mAP50-95(B),metrics/precision(M),metrics/recall(M),metrics/mAP50(M),metrics/mAP50-95(M),val/box_loss,val/seg_loss,val/cls_loss,val/dfl_loss,val/sem_loss,lr/pg0,lr/pg1,lr/pg2
1,38.4963,1.43899,2.12013,2.04855,1.13871,0,0.40505,0.58042,0.33507,0.21026,0.40588,0.58599,0.33537,0.18475,1.29664,1.8227,3.73226,1.06621,0,0.000412698,0.000412698,0.000412698
2,73.3421,1.36988,1.91685,1.65254,1.09699,0,0.69333,0.47193,0.42501,0.27733,0.69114,0.47008,0.421,0.24244,1.26051,1.82908,1.58332,1.06736,0,0.000812944,0.000812944,0.000812944
3,107.448,1.38981,1.91358,1.68701,1.10639,0,0.43856,0.45506,0.26964,0.16412,0.43267,0.45816,0.26888,0.14518,1.3405,1.89314,inf,1.07999,0,0.00119669,0.00119669,0.00119669
4,139.947,1.42642,1.95193,1.35373,1.10196,0,0.53554,0.484,0.45033,0.27583,0.52975,0.48102,0.44754,0.24487,1.32251,1.8695,1.55164,1.09286,0,0.00117575,0.00117575,0.00117575
5,173.505,1.46836,2.10033,1.37641,1.13469,0,0.57686,0.58809,0.50208,0.31222,0.57628,0.58868,0.49918,0.2764,1.2867,1.87273,1.12386,1.08148,0,0.001151,0.001151,0.001151
6,206.662,1.37561,1.94052,1.18562,1.10406,0,0.60457,0.60396,0.56752,0.34522,0.60592,0.60465,0.56759,0.32762,1.3347,1.84887,1.08686,1.10112,0,0.00112625,0.00112625,0.00112625
7,237.872,1.35174,1.8316,1.17081,1.09475,0,0.69557,0.59018,0.60797,0.38491,0.69574,0.59073,0.60723,0.34837,1.26834,1.73868,0.97353,1.07525,0,0.0011015,0.0011015,0.0011015
8,269.495,1.34755,1.8252,1.15227,1.07514,0,0.57182,0.5622,0.50607,0.32068,0.56997,0.56143,0.50294,0.28581,1.30598,1.75583,1.6773,1.07251,0,0.00107675,0.00107675,0.00107675
9,300.929,1.33421,1.81163,1.16457,1.08288,0,0.65387,0.66751,0.61251,0.36901,0.65186,0.6658,0.60815,0.32954,1.33385,1.84666,0.9882,1.09148,0,0.001052,0.001052,0.001052
10,332.051,1.39405,1.88481,1.24638,1.0851,0,0.69466,0.5841,0.59102,0.37312,0.69513,0.58442,0.59088,0.35223,1.28272,1.73277,0.99629,1.05923,0,0.00102725,0.00102725,0.00102725
11,362.103,1.34563,1.80885,1.13807,1.08625,0,0.66534,0.62061,0.59566,0.38395,0.66374,0.61958,0.59384,0.33808,1.27142,1.78495,1.02247,1.06073,0,0.0010025,0.0010025,0.0010025
12,391.778,1.33178,1.7876,1.06955,1.07921,0,0.72162,0.66566,0.67963,0.4485,0.71864,0.6643,0.67452,0.40836,1.24845,1.67133,0.87387,1.04585,0,0.00097775,0.00097775,0.00097775
13,422.829,1.32738,1.72905,0.98231,1.05027,0,0.59915,0.65385,0.59032,0.37543,0.60024,0.651,0.59035,0.35451,1.24972,1.67686,0.96258,1.04212,0,0.000953,0.000953,0.000953
14,453.561,1.27337,1.68829,0.95455,1.03971,0,0.71579,0.6709,0.67357,0.43994,0.71695,0.67142,0.6733,0.40734,1.25036,1.65037,0.8863,1.04663,0,0.00092825,0.00092825,0.00092825
15,485.284,1.26995,1.6553,0.979,1.02831,0,0.68247,0.64852,0.62976,0.40992,0.6886,0.64883,0.62733,0.37028,1.22408,1.62627,0.89891,1.04187,0,0.0009035,0.0009035,0.0009035
16,515.449,1.29244,1.70572,1.02715,1.07295,0,0.71855,0.62403,0.64123,0.41917,0.71843,0.62238,0.63952,0.37696,1.22756,1.6213,0.90135,1.03496,0,0.00087875,0.00087875,0.00087875
17,546.297,1.28679,1.68682,0.94698,1.04615,0,0.74181,0.6698,0.6855,0.44936,0.74158,0.66969,0.68362,0.42021,1.24322,1.62195,0.83,1.04352,0,0.000854,0.000854,0.000854
18,576.745,1.29315,1.69724,0.92186,1.05804,0,0.7654,0.65047,0.67693,0.45163,0.76158,0.65306,0.67516,0.41208,1.2096,1.59891,0.83602,1.0276,0,0.00082925,0.00082925,0.00082925
19,606.653,1.23605,1.62327,0.86759,1.02388,0,0.76502,0.68948,0.70628,0.47267,0.76235,0.68948,0.70524,0.42107,1.19559,1.59346,0.80329,1.02752,0,0.0008045,0.0008045,0.0008045
20,637.874,1.2833,1.67069,0.8803,1.04426,0,0.79585,0.69339,0.73143,0.49983,0.79367,0.69457,0.72979,0.45797,1.19432,1.5613,0.79987,1.02307,0,0.00077975,0.00077975,0.00077975
21,669.356,1.27717,1.64579,0.9089,1.01942,0,0.7903,0.69,0.71937,0.48421,0.7904,0.6906,0.71521,0.44204,1.19273,1.57132,0.78353,1.02085,0,0.000755,0.000755,0.000755
22,700.41,1.23507,1.57688,0.82506,0.99865,0,0.73962,0.68544,0.68835,0.45961,0.73732,0.68454,0.68455,0.41488,1.19529,1.57425,0.80327,1.01727,0,0.00073025,0.00073025,0.00073025
23,731.302,1.25723,1.61183,0.8539,1.01649,0,0.77672,0.70532,0.72052,0.4883,0.7756,0.70426,0.7167,0.44663,1.18613,1.53831,0.78654,1.0185,0,0.0007055,0.0007055,0.0007055
24,762.407,1.27964,1.64726,0.90813,1.02905,0,0.81704,0.70045,0.7416,0.49806,0.81604,0.69961,0.74013,0.4591,1.19842,1.56585,0.77683,1.01666,0,0.00068075,0.00068075,0.00068075
25,792.789,1.25657,1.64539,0.86023,1.05612,0,0.8036,0.6673,0.71031,0.48499,0.80379,0.66724,0.70686,0.44707,1.17685,1.54594,0.8234,1.01196,0,0.000656,0.000656,0.000656
26,823.398,1.25511,1.6156,0.88303,1.0296,0,0.78944,0.71762,0.74705,0.50699,0.78739,0.71608,0.74427,0.46436,1.19275,1.54264,0.77032,1.01437,0,0.00063125,0.00063125,0.00063125
27,853.808,1.24331,1.6025,0.85395,1.02127,0,0.78925,0.70761,0.73982,0.49957,0.78725,0.70561,0.73793,0.4571,1.17496,1.54815,0.75953,1.00917,0,0.0006065,0.0006065,0.0006065
28,884.005,1.22452,1.5852,0.8572,1.02078,0,0.83874,0.71176,0.76516,0.52238,0.83834,0.71144,0.76439,0.48929,1.19023,1.54499,0.74565,1.01161,0,0.00058175,0.00058175,0.00058175
29,915.657,1.22633,1.5794,0.83621,1.01824,0,0.7658,0.7094,0.74328,0.50564,0.76331,0.71589,0.74332,0.46388,1.17391,1.53488,0.76305,1.01705,0,0.000557,0.000557,0.000557
30,946.073,1.24464,1.62466,0.84205,1.0417,0,0.81026,0.7146,0.74979,0.50599,0.81318,0.71341,0.74973,0.4786,1.19256,1.52394,0.76009,1.01695,0,0.00053225,0.00053225,0.00053225
31,976.044,1.24105,1.58797,0.82768,1.02757,0,0.83467,0.72632,0.77559,0.5319,0.83094,0.72569,0.77193,0.48207,1.16828,1.51425,0.72421,1.00362,0,0.0005075,0.0005075,0.0005075
32,1006.81,1.22103,1.58024,0.83292,1.01701,0,0.83748,0.72138,0.77345,0.52385,0.83555,0.72158,0.77241,0.4863,1.20295,1.53613,0.72706,1.01574,0,0.00048275,0.00048275,0.00048275
33,1036.91,1.23081,1.594,0.78902,1.02866,0,0.81784,0.74192,0.78226,0.54036,0.8067,0.75766,0.77889,0.48805,1.15882,1.51025,0.71295,1.00016,0,0.000458,0.000458,0.000458
34,1067.94,1.24517,1.58852,0.81867,1.0173,0,0.84487,0.74394,0.78777,0.54164,0.8444,0.7436,0.78542,0.50677,1.192,1.51806,0.71092,1.0081,0,0.00043325,0.00043325,0.00043325
35,1098.37,1.23693,1.56982,0.78922,1.0123,0,0.83218,0.74222,0.78448,0.53569,0.83473,0.74101,0.78371,0.4912,1.16767,1.50653,0.71343,1.00697,0,0.0004085,0.0004085,0.0004085
36,1128.77,1.20608,1.5476,0.7827,1.0155,0,0.8459,0.73487,0.78976,0.54378,0.84553,0.73355,0.78881,0.50263,1.16706,1.51394,0.69205,1.00276,0,0.00038375,0.00038375,0.00038375
37,1158.18,1.20666,1.5553,0.77216,1.01329,0,0.83304,0.75391,0.79157,0.55046,0.84928,0.73868,0.78676,0.50444,1.14762,1.48239,0.68937,0.99235,0,0.000359,0.000359,0.000359
38,1188.05,1.21344,1.5821,0.77361,1.03594,0,0.81914,0.75763,0.78503,0.5425,0.81935,0.75799,0.78233,0.49469,1.15819,1.50738,0.68485,0.9974,0,0.00033425,0.00033425,0.00033425
39,1217.47,1.20024,1.54117,0.77375,1.01811,0,0.85795,0.75448,0.80493,0.56537,0.85714,0.75564,0.80428,0.52208,1.14312,1.46778,0.67636,0.99123,0,0.0003095,0.0003095,0.0003095
40,1248.55,1.21407,1.53956,0.71593,0.98528,0,0.85533,0.75481,0.79885,0.55426,0.8568,0.7553,0.79657,0.51449,1.15155,1.47772,0.67136,0.99248,0,0.00028475,0.00028475,0.00028475
41,1277.14,1.19079,1.56219,0.83597,1.06295,0,0.85874,0.76248,0.80523,0.56515,0.85873,0.76108,0.80479,0.5197,1.14859,1.48315,0.67636,0.99324,0,0.00026,0.00026,0.00026
42,1304.87,1.22456,1.59376,0.87025,1.09498,0,0.86062,0.75073,0.80116,0.56354,0.86219,0.74515,0.7972,0.51121,1.13696,1.46835,0.69862,0.98832,0,0.00023525,0.00023525,0.00023525
43,1332.64,1.1881,1.57346,0.8087,1.08238,0,0.8603,0.76826,0.80911,0.56428,0.86313,0.76133,0.80194,0.5156,1.14208,1.47496,0.6789,0.98928,0,0.0002105,0.0002105,0.0002105
44,1360.42,1.16979,1.51976,0.81925,1.07154,0,0.84292,0.75585,0.79828,0.56065,0.84064,0.75387,0.79482,0.51532,1.1427,1.46121,0.68446,0.9918,0,0.00018575,0.00018575,0.00018575
45,1388.12,1.19523,1.5376,0.77251,1.06126,0,0.84815,0.76423,0.79559,0.55468,0.84618,0.76385,0.7921,0.5038,1.14344,1.45974,0.67749,0.99222,0,0.000161,0.000161,0.000161
46,1415.98,1.16563,1.53851,0.76403,1.06321,0,0.8473,0.77905,0.80971,0.57139,0.84749,0.77956,0.80615,0.52536,1.13916,1.47033,0.67018,0.99066,0,0.00013625,0.00013625,0.00013625
47,1444.16,1.17773,1.54341,0.76372,1.04768,0,0.87466,0.763,0.81444,0.5715,0.87963,0.75585,0.80872,0.52707,1.14219,1.47377,0.6651,0.98971,0,0.0001115,0.0001115,0.0001115
48,1472.51,1.18389,1.55135,0.75585,1.06388,0,0.87621,0.76844,0.81667,0.57999,0.87596,0.76725,0.81227,0.52955,1.13001,1.45197,0.65396,0.98382,0,8.675e-05,8.675e-05,8.675e-05
49,1500.56,1.17032,1.5236,0.74329,1.04805,0,0.84997,0.77989,0.81301,0.57804,0.8493,0.77972,0.80513,0.52651,1.1293,1.44916,0.65755,0.98341,0,6.2e-05,6.2e-05,6.2e-05
50,1528.32,1.14436,1.50034,0.7323,1.05522,0,0.87634,0.77603,0.81874,0.58239,0.87654,0.77463,0.81232,0.53138,1.12549,1.44454,0.65783,0.98282,0,3.725e-05,3.725e-05,3.725e-05
